<?xml version="1.0" encoding="UTF-8"?>
<project-private xmlns="http://www.netbeans.org/ns/project-private/1">
    <editor-bookmarks xmlns="http://www.netbeans.org/ns/editor-bookmarks/2" lastBookmarkId="0"/>
    <open-files xmlns="http://www.netbeans.org/ns/projectui-open-files/2">
        <group>
            <file>file:/C:/Users/liguo/Documents/NetBeansProjects/GuoyingLiFinalProject/src/MazeGame/Maze.java</file>
            <file>file:/C:/Users/liguo/Documents/NetBeansProjects/GuoyingLiFinalProject/src/MazeGame/Squirrel.java</file>
            <file>file:/C:/Users/liguo/Documents/NetBeansProjects/GuoyingLiFinalProject/src/MazeGame/Almond.java</file>
            <file>file:/C:/Users/liguo/Documents/NetBeansProjects/GuoyingLiFinalProject/src/MazeGame/Entity.java</file>
            <file>file:/C:/Users/liguo/Documents/NetBeansProjects/GuoyingLiFinalProject/src/MazeGame/PoisonousCashew.java</file>
            <file>file:/C:/Users/liguo/Documents/NetBeansProjects/GuoyingLiFinalProject/src/MazeGame/Nut.java</file>
            <file>file:/C:/Users/liguo/Documents/NetBeansProjects/GuoyingLiFinalProject/src/MazeGame/HungrySquirrelGame.java</file>
        </group>
    </open-files>
</project-private>
